{
    "entire_syd": {
        "name": "Entire Sydney",
        "lamin": -33.867850,
        "lamax": -33.838800,
        "lomin": 151.175320,
        "lomax": 151.207320
    }
}
