{
    "entire_syd": {
        "name": "Entire Sydney",
        "lamin": -33.8773460,
        "lamax": -33.7736350,
        "lomin": 151.0736063,
        "lomax": 151.2305774
    }
}
